MapBank_ID,MapBank_BranchCode,MapBank_NatBankID,MapBank_NatBankCode,MapBank_NatBankName,MapBank_NatBankIsEDC,MapBank_BankAccountNo,MapBank_CoaID,MapBank_CoaAccountNo,MapBank_CoaDescription,MapBank_EDC_CoaID,MapBank_EDC_CoaAccountNo,MapBank_EDC_CoaDescription,MapBank_IsActive,MapBank_CreatedAt,MapBank_LastUpdatedAt
56,BA,1,Mandiri,Bank Mandiri,Y,0060009776455,80,1110211072.0,MANDIRI PT PRAMITA (6455),,,,Y,2025-02-06 14:19:14,2025-02-04 13:55:01
57,BA,3,BNI,Bank Negara Indonesia (BNI),Y,432205688,42,1110211034.0,BNI PT PRAMITA (5688),,,,Y,2025-02-06 14:19:17,2025-02-04 13:55:01
58,BA,3,BNI,Bank Negara Indonesia (BNI),Y,1133557780,36,1110211028.0,BNI PT PRAMITA (7780),,,,Y,2025-02-04 19:35:39,2025-02-04 13:55:01
59,BA,4,BCA,Bank Central Asia (BCA),Y,2582124338,9,1110211001.0,BCA PT PRAMITA (4338),,,,Y,2025-02-06 17:11:13,2025-02-06 17:11:13
60,BA,4,BCA,Bank Central Asia (BCA),Y,3423235060,29,1110211021.0,BCA PT PRAMITTA (5060),,,,Y,2025-02-05 14:32:23,2025-02-05 14:32:23
61,BA,4,BCA,Bank Central Asia (BCA),Y,3423023291,30,1110211022.0,BCA PT PRAMITA (3291),,,,Y,2025-02-04 19:35:39,2025-02-04 13:55:01
63,BA,7,BNI SYARIAH,BNI SYARIAH,N,3803975240,0,,,,,,Y,2025-02-04 19:35:39,2025-02-04 13:55:01
64,BA,12,DANA,DANA,Y,EDC,0,,,219.0,1120301016.0,EDC DANA,Y,2025-02-04 19:35:39,2025-02-04 13:55:01
65,BA,13,LinkAja,LinkAja,Y,EDC,0,,,217.0,1120301014.0,EDC LinkAja,Y,2025-02-04 19:35:39,2025-02-04 13:55:01
66,BA,14,GO PAY,GO PAY,Y,EDC,0,,,218.0,1120301015.0,EDC GOPAY,Y,2025-02-04 19:35:39,2025-02-04 13:55:01
67,BA,15,DIGI CASH BJB,DIGI CASH BJB,Y,EDC,0,,,216.0,1120301013.0,EDC DIGI CASH,Y,2025-02-04 19:35:39,2025-02-04 13:55:01
68,BA,16,OVO,OVO,Y,EDC,0,,,215.0,1120301012.0,EDC OVO,Y,2025-02-04 19:35:39,2025-02-04 13:55:01
69,BA,17,CIMB,CIMB,N,800086058200,31,1110211023.0,CIMB NIAGA PT PRAMITA (8200),,,,Y,2025-02-04 19:35:39,2025-02-04 13:55:01
70,BA,18,BSM,BSM,N,7030160357,32,1110211024.0,BSM PT PRAMITA (0357),,,,Y,2025-02-05 16:18:07,2025-02-05 16:18:07
71,BB,1,Mandiri,Bank Mandiri,Y,1160005165056,41,1110211033.0,MANDIRI PT PRAMITA (5056),,,,Y,2025-02-06 17:12:00,2025-02-06 17:12:00
72,BB,3,BNI,Bank Negara Indonesia (BNI),Y,432205688,42,1110211034.0,BNI PT PRAMITA (5688),,,,Y,2025-02-04 19:35:39,2025-02-04 13:55:01
73,BB,4,BCA,Bank Central Asia (BCA),Y,4910307717,40,1110211032.0,BCA PT PRAMITA (7717),,,,Y,2025-02-07 08:07:26,2025-02-07 08:07:26
74,BB,4,BCA,Bank Central Asia (BCA),Y,4910199817,0,,,,,,N,2025-02-07 08:07:07,2025-02-07 08:07:07
75,BB,12,DANA,DANA,Y,EDC,0,,,219.0,1120301016.0,EDC DANA,Y,2025-02-04 19:35:39,2025-02-04 13:55:01
76,BB,13,LinkAja,LinkAja,Y,EDC,0,,,217.0,1120301014.0,EDC LinkAja,Y,2025-02-04 19:35:39,2025-02-04 13:55:01
77,BB,14,GO PAY,GO PAY,Y,EDC,0,,,218.0,1120301015.0,EDC GOPAY,Y,2025-02-04 19:35:39,2025-02-04 13:55:01
78,BB,15,DIGI CASH BJB,DIGI CASH BJB,Y,EDC,0,,,216.0,1120301013.0,EDC DIGI CASH,Y,2025-02-04 19:35:39,2025-02-04 13:55:01
79,BB,16,OVO,OVO,Y,EDC,0,,,215.0,1120301012.0,EDC OVO,Y,2025-02-04 19:35:39,2025-02-04 13:55:01
631,BC,1,Mandiri,Bank Mandiri,Y,0060009776455,80,1110211072.0,MANDIRI PT PRAMITA (6455),,,,Y,2025-02-07 08:08:21,2025-02-07 08:08:21
632,BC,3,BNI,Bank Negara Indonesia (BNI),Y,432205688,0,,,,,,Y,2025-02-06 15:40:47,2025-02-06 15:40:47
633,BC,4,BCA,Bank Central Asia (BCA),Y,0023332121,0,,,,,,Y,2025-02-06 15:40:47,2025-02-06 15:40:47
634,BC,4,BCA,Bank Central Asia (BCA),Y,0023222121,0,,,,,,Y,2025-02-06 15:40:47,2025-02-06 15:40:47
635,BC,12,DANA,DANA,Y,EDC,0,,,219.0,1120301016.0,EDC DANA,Y,2025-02-06 15:45:29,2025-02-06 15:40:47
636,BC,13,LinkAja,LinkAja,Y,EDC,0,,,217.0,1120301014.0,EDC LinkAja,Y,2025-02-06 15:45:29,2025-02-06 15:40:47
637,BC,14,GO PAY,GO PAY,Y,EDC,0,,,218.0,1120301015.0,EDC GOPAY,Y,2025-02-06 15:45:29,2025-02-06 15:40:47
638,BC,15,DIGI CASH BJB,DIGI CASH BJB,Y,EDC,0,,,216.0,1120301013.0,EDC DIGI CASH,Y,2025-02-06 15:45:29,2025-02-06 15:40:47
639,BC,16,OVO,OVO,Y,EDC,0,,,215.0,1120301012.0,EDC OVO,Y,2025-02-06 15:45:29,2025-02-06 15:40:47
640,BC,17,PANIN,PANIN,N,0975003291,0,,,,,,Y,2025-02-06 15:40:47,2025-02-06 15:40:47
641,BC,18,OCBC,OCBC,N,406800000399,0,,,,,,Y,2025-02-06 15:40:47,2025-02-06 15:40:47
642,BC,19,UOB,UOB,N,3273066673,0,,,,,,Y,2025-02-06 15:40:47,2025-02-06 15:40:47
643,BC,20,BJB,Bank BJB,Y,0120580057001,0,,,,,,Y,2025-02-06 15:40:47,2025-02-06 15:40:47
644,BC,21,BSI,Bank Syariah Indonesia (BSI),N,8888822284,0,,,,,,Y,2025-02-06 15:40:47,2025-02-06 15:40:47
645,BD,1,Mandiri,Bank Mandiri,Y,0060010869018,0,,,,,,Y,2025-02-06 15:40:47,2025-02-06 15:40:47
646,BD,2,BRI,Bank Rakyat Indonesia (BRI),Y,033901002424302,0,,,,,,Y,2025-02-06 15:40:47,2025-02-06 15:40:47
647,BD,4,BCA,Bank Central Asia (BCA),Y,5540630269,0,,,,,,Y,2025-02-06 15:40:47,2025-02-06 15:40:47
648,BD,7,BSI,Bank Syariah Indonesia,N,2808563337,0,,,,,,Y,2025-02-06 15:40:47,2025-02-06 15:40:47
649,BD,12,DANA,DANA,Y,EDC,0,,,219.0,1120301016.0,EDC DANA,Y,2025-02-06 15:45:29,2025-02-06 15:40:47
650,BD,13,LinkAja,LinkAja,Y,EDC,0,,,217.0,1120301014.0,EDC LinkAja,Y,2025-02-06 15:45:29,2025-02-06 15:40:47
651,BD,14,GO PAY,GO PAY,Y,EDC,0,,,218.0,1120301015.0,EDC GOPAY,Y,2025-02-06 15:45:29,2025-02-06 15:40:47
652,BD,15,DIGI CASH BJB,DIGI CASH BJB,Y,EDC,0,,,216.0,1120301013.0,EDC DIGI CASH,Y,2025-02-06 15:45:29,2025-02-06 15:40:47
653,BD,16,OVO,OVO,Y,EDC,0,,,215.0,1120301012.0,EDC OVO,Y,2025-02-06 15:45:29,2025-02-06 15:40:47
654,BD,18,PANIN,BANK PANIN - HILMY,Y,0975777775,0,,,,,,Y,2025-02-06 15:40:47,2025-02-06 15:40:47
655,BF,1,Mandiri,Bank Mandiri,N,1450013706755,0,,,,,,Y,2025-02-06 15:40:47,2025-02-06 15:40:47
656,BF,3,BNI,Bank Negara Indonesia (BNI),N,1100405723,0,,,,,,Y,2025-02-06 15:40:47,2025-02-06 15:40:47
657,BF,4,BCA,Bank Central Asia (BCA),Y,0663312330,0,,,,,,Y,2025-02-06 15:40:47,2025-02-06 15:40:47
658,BF,12,DANA,DANA,Y,EDC,0,,,219.0,1120301016.0,EDC DANA,Y,2025-02-06 15:40:47,2025-02-06 15:40:47
659,BF,13,LinkAja,LinkAja,Y,EDC,0,,,217.0,1120301014.0,EDC LinkAja,Y,2025-02-06 15:40:47,2025-02-06 15:40:47
660,BF,14,GO PAY,GO PAY,Y,EDC,0,,,218.0,1120301015.0,EDC GOPAY,Y,2025-02-06 15:40:47,2025-02-06 15:40:47
661,BF,15,DIGI CASH BJB,DIGI CASH BJB,Y,EDC,0,,,216.0,1120301013.0,EDC DIGI CASH,Y,2025-02-06 15:40:47,2025-02-06 15:40:47
662,BF,16,OVO,OVO,Y,EDC,0,,,215.0,1120301012.0,EDC OVO,Y,2025-02-06 15:40:47,2025-02-06 15:40:47
663,BF,19,CIMB NIAGA MZH,Bank CIMB NIAGA,Y,860013012400,0,,,,,,Y,2025-02-06 15:40:47,2025-02-06 15:40:47
664,BF,20,BJB,Bank BJB ,N,0127947376001,0,,,,,,Y,2025-02-06 15:40:47,2025-02-06 15:40:47
665,BF,21,BSI,Bank Syariah Indonesia,N,7253832783,0,,,,,,Y,2025-02-06 15:40:47,2025-02-06 15:40:47
741,LA,1,Mandiri,Bank Mandiri,Y,1420055001555,0,,,,,,Y,2025-02-06 16:03:45,2025-02-06 16:03:45
742,LA,1,Mandiri,Bank Mandiri,Y,1420000500156,0,,,,,,Y,2025-02-06 16:03:45,2025-02-06 16:03:45
743,LA,2,BRI,Bank Rakyat Indonesia (BRI),Y,115601443388300,0,,,,,,Y,2025-02-06 16:03:45,2025-02-06 16:03:45
744,LA,2,BRI,Bank Rakyat Indonesia (BRI),Y,021101000772305,0,,,,,,Y,2025-02-06 16:03:45,2025-02-06 16:03:45
745,LA,3,BNI,Bank Negara Indonesia (BNI),Y,7171757577,0,,,,,,Y,2025-02-06 16:03:45,2025-02-06 16:03:45
746,LA,4,BCA,Bank Central Asia (BCA),Y,2583855599,0,,,,,,Y,2025-02-06 16:03:45,2025-02-06 16:03:45
747,LA,4,BCA,Bank Central Asia (BCA),Y,2582124338,0,,,,,,Y,2025-02-06 16:03:45,2025-02-06 16:03:45
748,LA,4,BCA,Bank Central Asia (BCA),Y,0883994334,0,,,,,,Y,2025-02-06 16:03:45,2025-02-06 16:03:45
749,LA,7,BNI SYARIAH,BNI SYARIAH,N,0794597170,0,,,,,,Y,2025-02-06 16:03:45,2025-02-06 16:03:45
750,LA,9,PERMATA,PERMATA,Y,701563799,0,,,,,,Y,2025-02-06 16:03:45,2025-02-06 16:03:45
751,LA,12,DANA,DANA,Y,EDC,0,,,219.0,1120301016.0,EDC DANA,Y,2025-02-06 16:03:45,2025-02-06 16:03:45
752,LA,13,LinkAja,LinkAja,Y,EDC,0,,,217.0,1120301014.0,EDC LinkAja,Y,2025-02-06 16:03:45,2025-02-06 16:03:45
753,LA,14,GO PAY,GO PAY,Y,EDC,0,,,218.0,1120301015.0,EDC GOPAY,Y,2025-02-06 16:03:45,2025-02-06 16:03:45
754,LA,15,DIGI CASH BJB,DIGI CASH BJB,Y,EDC,0,,,216.0,1120301013.0,EDC DIGI CASH,Y,2025-02-06 16:03:45,2025-02-06 16:03:45
755,LA,16,OVO,OVO,Y,EDC,0,,,215.0,1120301012.0,EDC OVO,Y,2025-02-06 16:03:45,2025-02-06 16:03:45
756,LA,17,BANK JATIM,BANK JATIM,N,1461000661,0,,,,,,Y,2025-02-06 16:03:45,2025-02-06 16:03:45
757,LB,1,Mandiri,Bank Mandiri,Y,1420035559995,0,,,,,,Y,2025-02-06 16:03:45,2025-02-06 16:03:45
758,LB,1,Mandiri,Bank Mandiri,Y,1420000500156,0,,,,,,Y,2025-02-06 16:03:45,2025-02-06 16:03:45
759,LB,2,BRI,Bank Rakyat Indonesia (BRI),Y,115601443388300,0,,,,,,Y,2025-02-06 16:03:45,2025-02-06 16:03:45
760,LB,3,BNI,Bank Negara Indonesia (BNI),Y,0049835795,0,,,,,,Y,2025-02-06 16:03:45,2025-02-06 16:03:45
761,LB,4,BCA,Bank Central Asia (BCA),Y,0889903904,0,,,,,,Y,2025-02-06 16:03:45,2025-02-06 16:03:45
762,LB,4,BCA,Bank Central Asia (BCA),Y,2582124338,0,,,,,,Y,2025-02-06 16:03:45,2025-02-06 16:03:45
763,LB,4,BCA,Bank Central Asia (BCA),Y,0886514926,0,,,,,,Y,2025-02-06 16:03:45,2025-02-06 16:03:45
764,LB,4,BCA,Bank Central Asia (BCA),Y,7880903904,0,,,,,,Y,2025-02-06 16:03:45,2025-02-06 16:03:45
765,LB,12,DANA,DANA,Y,EDC,0,,,219.0,1120301016.0,EDC DANA,Y,2025-02-06 16:03:45,2025-02-06 16:03:45
766,LB,13,LinkAja,LinkAja,Y,EDC,0,,,217.0,1120301014.0,EDC LinkAja,Y,2025-02-06 16:03:45,2025-02-06 16:03:45
767,LB,14,GO PAY,GO PAY,Y,EDC,0,,,218.0,1120301015.0,EDC GOPAY,Y,2025-02-06 16:03:45,2025-02-06 16:03:45
768,LB,15,DIGI CASH BJB,DIGI CASH BJB,Y,EDC,0,,,216.0,1120301013.0,EDC DIGI CASH,Y,2025-02-06 16:03:45,2025-02-06 16:03:45
769,LB,16,OVO,OVO,Y,EDC,0,,,215.0,1120301012.0,EDC OVO,Y,2025-02-06 16:03:45,2025-02-06 16:03:45
770,LB,17,DUITKU,DUITKU.COM,Y,0886514926,0,,,,,,Y,2025-02-06 16:03:45,2025-02-06 16:03:45
771,LC,1,Mandiri,Bank Mandiri,Y,1420035559995,0,,,,,,Y,2025-02-06 16:03:45,2025-02-06 16:03:45
772,LC,4,BCA,Bank Central Asia (BCA),Y,0886514527,0,,,,,,Y,2025-02-06 16:03:45,2025-02-06 16:03:45
773,LC,4,BCA,Bank Central Asia (BCA),Y,0889903904,0,,,,,,Y,2025-02-06 16:03:45,2025-02-06 16:03:45
774,LC,4,BCA,Bank Central Asia (BCA),Y,2582124338,0,,,,,,Y,2025-02-06 16:03:45,2025-02-06 16:03:45
775,LC,4,BCA,Bank Central Asia (BCA),Y,7880903904,0,,,,,,Y,2025-02-06 16:03:45,2025-02-06 16:03:45
776,LC,12,DANA,DANA,Y,EDC,0,,,219.0,1120301016.0,EDC DANA,Y,2025-02-06 16:03:45,2025-02-06 16:03:45
777,LC,13,LinkAja,LinkAja,Y,EDC,0,,,217.0,1120301014.0,EDC LinkAja,Y,2025-02-06 16:03:45,2025-02-06 16:03:45
778,LC,14,GO PAY,GO PAY,Y,EDC,0,,,218.0,1120301015.0,EDC GOPAY,Y,2025-02-06 16:03:45,2025-02-06 16:03:45
779,LC,15,DIGI CASH BJB,DIGI CASH BJB,Y,EDC,0,,,216.0,1120301013.0,EDC DIGI CASH,Y,2025-02-06 16:03:45,2025-02-06 16:03:45
780,LC,16,OVO,OVO,Y,EDC,0,,,215.0,1120301012.0,EDC OVO,Y,2025-02-06 16:03:45,2025-02-06 16:03:45
781,LC,18,BRI,BANK RAKYAT INDONESIA,Y,115601443388300,0,,,,,,Y,2025-02-06 16:03:45,2025-02-06 16:03:45
782,LD,1,Mandiri,Bank Mandiri,Y,1420000500156,0,,,,,,Y,2025-02-06 16:03:46,2025-02-06 16:03:46
783,LD,2,BRI,Bank Rakyat Indonesia (BRI),Y,115601443388300,0,,,,,,Y,2025-02-06 16:03:46,2025-02-06 16:03:46
784,LD,4,BCA,Bank Central Asia (BCA),Y,2582124338,0,,,,,,Y,2025-02-06 16:03:46,2025-02-06 16:03:46
785,LD,12,DANA,DANA,Y,EDC,0,,,219.0,1120301016.0,EDC DANA,Y,2025-02-06 16:03:46,2025-02-06 16:03:46
786,LD,13,LinkAja,LinkAja,Y,EDC,0,,,217.0,1120301014.0,EDC LinkAja,Y,2025-02-06 16:03:46,2025-02-06 16:03:46
787,LD,14,GO PAY,GO PAY,Y,EDC,0,,,218.0,1120301015.0,EDC GOPAY,Y,2025-02-06 16:03:46,2025-02-06 16:03:46
788,LD,15,DIGI CASH BJB,DIGI CASH BJB,Y,EDC,0,,,216.0,1120301013.0,EDC DIGI CASH,Y,2025-02-06 16:03:46,2025-02-06 16:03:46
789,LD,16,OVO,OVO,Y,EDC,0,,,215.0,1120301012.0,EDC OVO,Y,2025-02-06 16:03:46,2025-02-06 16:03:46
790,LD,17,DUITKU,DUITKU.COM,Y,2582124338,0,,,,,,Y,2025-02-06 16:03:46,2025-02-06 16:03:46
791,LE,1,Mandiri,Bank Mandiri,Y,1420000500156,0,,,,,,Y,2025-02-06 16:03:46,2025-02-06 16:03:46
792,LE,1,Mandiri,Bank Mandiri,Y,1420035559995,0,,,,,,Y,2025-02-06 16:03:46,2025-02-06 16:03:46
793,LE,2,BRI,Bank Rakyat Indonesia (BRI),Y,115601443388300,0,,,,,,Y,2025-02-06 16:03:46,2025-02-06 16:03:46
794,LE,4,BCA,Bank Central Asia (BCA),Y,0889903904,0,,,,,,Y,2025-02-06 16:03:46,2025-02-06 16:03:46
795,LE,4,BCA,Bank Central Asia (BCA),Y,2582124338,0,,,,,,Y,2025-02-06 16:03:46,2025-02-06 16:03:46
796,LE,4,BCA,Bank Central Asia (BCA),Y,7889903904,0,,,,,,Y,2025-02-06 16:03:46,2025-02-06 16:03:46
797,LE,4,BCA,Bank Central Asia (BCA),Y,0886514829,0,,,,,,Y,2025-02-06 16:03:46,2025-02-06 16:03:46
798,LE,12,DANA,DANA,Y,EDC,0,,,219.0,1120301016.0,EDC DANA,Y,2025-02-06 16:03:46,2025-02-06 16:03:46
799,LE,13,LinkAja,LinkAja,Y,EDC,0,,,217.0,1120301014.0,EDC LinkAja,Y,2025-02-06 16:03:46,2025-02-06 16:03:46
800,LE,14,GO PAY,GO PAY,Y,EDC,0,,,218.0,1120301015.0,EDC GOPAY,Y,2025-02-06 16:03:46,2025-02-06 16:03:46
801,LE,15,DIGI CASH BJB,DIGI CASH BJB,Y,EDC,0,,,216.0,1120301013.0,EDC DIGI CASH,Y,2025-02-06 16:03:46,2025-02-06 16:03:46
802,LE,16,OVO,OVO,Y,EDC,0,,,215.0,1120301012.0,EDC OVO,Y,2025-02-06 16:03:46,2025-02-06 16:03:46
803,LE,18,DUITKU,DUITKU.COM,Y,0886514829,0,,,,,,Y,2025-02-06 16:03:46,2025-02-06 16:03:46
804,LF,1,Mandiri,Bank Mandiri,Y,142000050011,0,,,,,,Y,2025-02-06 16:03:46,2025-02-06 16:03:46
805,LF,1,Mandiri,Bank Mandiri,Y,1420000500156,0,,,,,,Y,2025-02-06 16:03:46,2025-02-06 16:03:46
806,LF,2,BRI,Bank Rakyat Indonesia (BRI),Y,115601443388300,0,,,,,,Y,2025-02-06 16:03:46,2025-02-06 16:03:46
807,LF,4,BCA,Bank Central Asia (BCA),Y,2582124338,0,,,,,,Y,2025-02-06 16:03:46,2025-02-06 16:03:46
808,LF,4,BCA,Bank Central Asia (BCA),Y,0886514730,0,,,,,,Y,2025-02-06 16:03:46,2025-02-06 16:03:46
809,LF,4,BCA,Bank Central Asia (BCA),Y,088008228,0,,,,,,Y,2025-02-06 16:03:46,2025-02-06 16:03:46
810,LF,12,DANA,DANA,Y,EDC,0,,,219.0,1120301016.0,EDC DANA,Y,2025-02-06 16:03:46,2025-02-06 16:03:46
811,LF,13,LinkAja,LinkAja,Y,EDC,0,,,217.0,1120301014.0,EDC LinkAja,Y,2025-02-06 16:03:46,2025-02-06 16:03:46
812,LF,14,GO PAY,GO PAY,Y,EDC,0,,,218.0,1120301015.0,EDC GOPAY,Y,2025-02-06 16:03:46,2025-02-06 16:03:46
813,LF,15,DIGI CASH BJB,DIGI CASH BJB,Y,EDC,0,,,216.0,1120301013.0,EDC DIGI CASH,Y,2025-02-06 16:03:46,2025-02-06 16:03:46
814,LF,16,OVO,OVO,Y,EDC,0,,,215.0,1120301012.0,EDC OVO,Y,2025-02-06 16:03:46,2025-02-06 16:03:46
815,LF,17,DUITKU,DUITKU.COM,Y,0886514730,0,,,,,,Y,2025-02-06 16:03:46,2025-02-06 16:03:46
816,DA,1,Mandiri,Bank Mandiri,Y,1310000886889,0,,,,,,Y,2025-02-06 16:16:44,2025-02-06 16:16:44
817,DA,1,Mandiri,Bank Mandiri,Y,13000022832284,0,,,,,,Y,2025-02-06 16:16:44,2025-02-06 16:16:44
818,DA,2,BRI,Bank Rakyat Indonesia (BRI),Y,000501002320305,0,,,,,,Y,2025-02-06 16:16:44,2025-02-06 16:16:44
819,DA,3,BNI,Bank Negara Indonesia (BNI),Y,8888333214,0,,,,,,Y,2025-02-06 16:16:44,2025-02-06 16:16:44
820,DA,4,BCA,Bank Central Asia (BCA),Y,3423235060,0,,,,,,Y,2025-02-06 16:16:44,2025-02-06 16:16:44
821,DA,4,BCA,Bank Central Asia (BCA),Y,2582124338,0,,,,,,Y,2025-02-06 16:16:44,2025-02-06 16:16:44
822,DA,4,BCA,Bank Central Asia (BCA),Y,0863113331,0,,,,,,Y,2025-02-06 16:16:44,2025-02-06 16:16:44
823,DA,4,BCA,Bank Central Asia (BCA),Y,0863066660,0,,,,,,Y,2025-02-06 16:16:44,2025-02-06 16:16:44
824,DA,7,CIMB NIAGA,CIMB NIAGA,N,800086058200,0,,,,,,Y,2025-02-06 16:16:44,2025-02-06 16:16:44
825,DA,9,BJB,BJB,Y,1717021717001,0,,,,,,Y,2025-02-06 16:16:44,2025-02-06 16:16:44
826,DA,11,OVO,OVO,Y,EDC,0,,,,,,Y,2025-02-06 16:16:44,2025-02-06 16:16:44
827,DA,12,BTN,BTN,N,0000601300202831,0,,,,,,Y,2025-02-06 16:16:44,2025-02-06 16:16:44
828,DA,13,WOORI,WOORI,N,200170000024,0,,,,,,Y,2025-02-06 16:16:44,2025-02-06 16:16:44
829,DA,14,DANAMON,DANAMON,N,0014098630,0,,,,,,Y,2025-02-06 16:16:44,2025-02-06 16:16:44
830,DA,15,LinkAja,LinkAja,Y,EDC,0,,,216.0,1120301013.0,EDC DIGI CASH,Y,2025-02-06 16:16:44,2025-02-06 16:16:44
831,DA,16,GO PAY,GO PAY,Y,EDC,0,,,215.0,1120301012.0,EDC OVO,Y,2025-02-06 16:16:44,2025-02-06 16:16:44
832,DA,17,DIGI CASH BJB,DIGI CASH BJB,Y,EDC,0,,,,,,Y,2025-02-06 16:16:44,2025-02-06 16:16:44
833,DA,18,DANA,DANA,Y,EDC,0,,,,,,Y,2025-02-06 16:16:44,2025-02-06 16:16:44
834,DA,19,DUITKU,DUITKU.COM,Y,8888333214,0,,,,,,Y,2025-02-06 16:16:44,2025-02-06 16:16:44
835,DB,1,Mandiri,Bank Mandiri,Y,1310076076076,0,,,,,,Y,2025-02-06 16:16:44,2025-02-06 16:16:44
836,DB,2,BRI,Bank Rakyat Indonesia (BRI),Y,002020234322,0,,,,,,Y,2025-02-06 16:16:44,2025-02-06 16:16:44
837,DB,2,BRI,Bank Rakyat Indonesia (BRI),Y,000501002320305,17,1110211009.0,BRI PT PRAMITA (0305),,,,Y,2025-02-07 08:09:54,2025-02-07 08:09:54
838,DB,3,BNI,Bank Negara Indonesia (BNI),Y,8888333214,15,1110211007.0,BNI PT PRAMITA (3214),,,,Y,2025-02-07 08:10:03,2025-02-07 08:10:03
839,DB,4,BCA,Bank Central Asia (BCA),Y,0863113331,0,,,,,,Y,2025-02-06 16:16:44,2025-02-06 16:16:44
840,DB,4,BCA,Bank Central Asia (BCA),Y,2582124338,0,,,,,,Y,2025-02-06 16:16:44,2025-02-06 16:16:44
841,DB,4,BCA,Bank Central Asia (BCA),Y,3423235060,0,,,,,,Y,2025-02-06 16:16:44,2025-02-06 16:16:44
842,DB,4,BCA,Bank Central Asia (BCA),Y,0863330472,0,,,,,,Y,2025-02-06 16:16:44,2025-02-06 16:16:44
843,DB,7,CIMB NIAGA,CIMB NIAGA,N,800138319000,0,,,,,,Y,2025-02-06 16:16:44,2025-02-06 16:16:44
844,DB,9,BJB,BJB,Y,1717021717001,0,,,,,,Y,2025-02-06 16:16:44,2025-02-06 16:16:44
845,DB,11,BCA HSE,Bank Central Asia (BCA) HSE,N,0863660472,0,,,,,,Y,2025-02-06 16:16:44,2025-02-06 16:16:44
846,DB,12,OVO,OVO,Y,EDC,0,,,219.0,1120301016.0,EDC DANA,Y,2025-02-06 16:16:44,2025-02-06 16:16:44
847,DB,13,LinkAja,LinkAja,Y,EDC,0,,,217.0,1120301014.0,EDC LinkAja,Y,2025-02-06 16:16:44,2025-02-06 16:16:44
848,DB,14,GO PAY,GO PAY,Y,EDC,0,,,218.0,1120301015.0,EDC GOPAY,Y,2025-02-06 16:16:44,2025-02-06 16:16:44
849,DB,15,DIGI CASH BJB,DIGI CASH BJB,Y,EDC,0,,,216.0,1120301013.0,EDC DIGI CASH,Y,2025-02-06 16:16:44,2025-02-06 16:16:44
850,DB,16,DANA,DANA,Y,EDC,0,,,215.0,1120301012.0,EDC OVO,Y,2025-02-06 16:16:44,2025-02-06 16:16:44
851,DB,18,MANDIRI 2284, BANK MANDIRI CABANG ALUN â€“ALUN BANDUNG,Y,1300022832284,0,,,,,,Y,2025-02-06 16:16:44,2025-02-06 16:16:44
852,DB,19,CIMB 200,Bank CIMB NIAGA Cab. Thamrin,Y,800086058200,0,,,,,,Y,2025-02-06 16:16:44,2025-02-06 16:16:44
853,DB,20,BCA PAJ,BANK CENTRAL ASIA (BCA),N,3423235060,0,,,,,,Y,2025-02-06 16:16:44,2025-02-06 16:16:44
854,DB,20,BCA PAJ,BANK CENTRAL ASIA (BCA),N,0863014554,0,,,,,,Y,2025-02-06 16:16:44,2025-02-06 16:16:44
855,DB,21,DUITKU,DUITKU.COM,Y,0863330472,0,,,,,,Y,2025-02-06 16:16:44,2025-02-06 16:16:44
856,DB,22,BNI DAAN MOGOT,BANK BNI CABANG DAAN MOGOT JAKARTA,N,432205688,0,,,,,,Y,2025-02-06 16:16:44,2025-02-06 16:16:44
857,DB,23,Bank BCA Cabang,Bank BCA Cabang Relasi Indah Jakata,N,4910307717,0,,,,,,Y,2025-02-06 16:16:44,2025-02-06 16:16:44
858,DB,24,bca DIPO,BCA CABANG DIPONEGORO,N,2582124338,0,,,,,,Y,2025-02-06 16:16:44,2025-02-06 16:16:44
859,DC,1,Mandiri,Bank Mandiri,Y,1310008608608,0,,,,,,Y,2025-02-06 16:16:44,2025-02-06 16:16:44
860,DC,1,Mandiri,Bank Mandiri,Y,1310000886889,0,,,,,,Y,2025-02-06 16:16:44,2025-02-06 16:16:44
861,DC,1,Mandiri,Bank Mandiri,Y,131000022832284,0,,,,,,Y,2025-02-06 16:16:44,2025-02-06 16:16:44
862,DC,2,BRI,Bank Rakyat Indonesia (BRI),Y,000501002320305,0,,,,,,Y,2025-02-06 16:16:44,2025-02-06 16:16:44
863,DC,4,BCA,Bank Central Asia (BCA),Y,0863014554,0,,,,,,Y,2025-02-06 16:16:44,2025-02-06 16:16:44
864,DC,7,CIMB NIAGA,CIMB NIAGA,Y,800138319000,0,,,,,,Y,2025-02-06 16:16:44,2025-02-06 16:16:44
865,DC,9,BJB,BJB,Y,0007872674001,0,,,,,,Y,2025-02-06 16:16:44,2025-02-06 16:16:44
866,DC,12,OVO,OVO,Y,EDC,0,,,219.0,1120301016.0,EDC DANA,Y,2025-02-06 16:16:44,2025-02-06 16:16:44
867,DC,13,LinkAja,LinkAja,Y,EDC,0,,,217.0,1120301014.0,EDC LinkAja,Y,2025-02-06 16:16:44,2025-02-06 16:16:44
868,DC,14,GO PAY,GO PAY,Y,EDC,0,,,218.0,1120301015.0,EDC GOPAY,Y,2025-02-06 16:16:44,2025-02-06 16:16:44
869,DC,15,DIGI CASH BJB,DIGI CASH BJB,Y,EDC,0,,,216.0,1120301013.0,EDC DIGI CASH,Y,2025-02-06 16:16:44,2025-02-06 16:16:44
870,DC,16,DANA,DANA,Y,EDC,0,,,215.0,1120301012.0,EDC OVO,Y,2025-02-06 16:16:44,2025-02-06 16:16:44
871,DC,18,Bank BNI Cabang,Bank BNI Cabang Perintis Kemerdekaan,N,8888333214,0,,,,,,Y,2025-02-06 16:16:44,2025-02-06 16:16:44
872,DC,19,Bank BCA,Bank BCA Cabang Matraman Raya,N,3423235060,0,,,,,,Y,2025-02-06 16:16:44,2025-02-06 16:16:44
873,DC,20,BCA CABANG,Bank BCA Cabang Diponegoro,N,2582124338,0,,,,,,Y,2025-02-06 16:16:44,2025-02-06 16:16:44
874,DC,21,BANK CABANG,Bank Mandiri Cabang,N,1300022832284,0,,,,,,Y,2025-02-06 16:16:44,2025-02-06 16:16:44
875,DC,23,BJB CABANG,BANK BJB CABANG MARTADINATA,N,1717021717001,0,,,,,,Y,2025-02-06 16:16:44,2025-02-06 16:16:44
876,DC,24,BCA REGIONAL,BANK BCA (REGIONAL),N,0863330472,0,,,,,,Y,2025-02-06 16:16:44,2025-02-06 16:16:44
877,DD,1,Mandiri,Bank Mandiri,Y,001020234321,0,,,,,,Y,2025-02-06 16:16:45,2025-02-06 16:16:45
878,DD,1,Mandiri,Bank Mandiri,Y,1300022832284,0,,,,,,Y,2025-02-06 16:16:45,2025-02-06 16:16:45
879,DD,2,BRI,Bank Rakyat Indonesia (BRI),Y,002020234322,0,,,,,,Y,2025-02-06 16:16:45,2025-02-06 16:16:45
880,DD,2,BRI,Bank Rakyat Indonesia (BRI),Y,000501002320305,0,,,,,,Y,2025-02-06 16:16:45,2025-02-06 16:16:45
881,DD,3,BNI,Bank Negara Indonesia (BNI),Y,1121121192,0,,,,,,Y,2025-02-06 16:16:45,2025-02-06 16:16:45
882,DD,3,BNI,Bank Negara Indonesia (BNI),Y,0820086009,0,,,,,,Y,2025-02-06 16:16:45,2025-02-06 16:16:45
883,DD,4,BCA,Bank Central Asia (BCA),Y,1393460460,0,,,,,,Y,2025-02-06 16:16:45,2025-02-06 16:16:45
884,DD,4,BCA,Bank Central Asia (BCA),Y,1399121211,0,,,,,,Y,2025-02-06 16:16:45,2025-02-06 16:16:45
885,DD,9,BJB,BJB,Y,1717021717001,0,,,,,,Y,2025-02-06 16:16:45,2025-02-06 16:16:45
886,DD,11,OVO,OVO,Y,EDC,0,,,,,,Y,2025-02-06 16:16:45,2025-02-06 16:16:45
887,DD,12,LinkAja,LinkAja,Y,EDC,0,,,219.0,1120301016.0,EDC DANA,Y,2025-02-06 16:16:45,2025-02-06 16:16:45
888,DD,13,GO PAY,GO PAY,Y,EDC,0,,,217.0,1120301014.0,EDC LinkAja,Y,2025-02-06 16:16:45,2025-02-06 16:16:45
889,DD,14,DIGI CASH BJB,DIGI CASH BJB,Y,EDC,0,,,218.0,1120301015.0,EDC GOPAY,Y,2025-02-06 16:16:45,2025-02-06 16:16:45
890,DD,15,DANA,DANA,Y,EDC,0,,,216.0,1120301013.0,EDC DIGI CASH,Y,2025-02-06 16:16:45,2025-02-06 16:16:45
891,DD,16,DUITKU,DUITKU.COM,Y,1393460460,0,,,,,,Y,2025-02-06 16:16:45,2025-02-06 16:16:45
892,HD,1,Mandiri,Bank Mandiri,Y,13900211189380,0,,,,,,Y,2025-02-06 16:16:53,2025-02-06 16:16:53
893,HD,2,BRI,Bank Rakyat Indonesia (BRI) TEGAL,Y,010101001785300,0,,,,,,Y,2025-02-06 16:16:53,2025-02-06 16:16:53
894,HD,3,BNI,Bank Negara Indonesia (BNI),Y,0971223580,0,,,,,,Y,2025-02-06 16:16:53,2025-02-06 16:16:53
895,HD,4,BCA TEGAL,Bank Central Asia (BCA) PT,Y,3423235060,0,,,,,,Y,2025-02-06 16:16:53,2025-02-06 16:16:53
896,HD,4,BCA TEGAL,Bank Central Asia (BCA) PT,Y,0471221880,0,,,,,,Y,2025-02-06 16:16:53,2025-02-06 16:16:53
897,HD,7,BNI SYARIAH,BNI SYARIAH,N,0794597170,0,,,,,,Y,2025-02-06 16:16:53,2025-02-06 16:16:53
898,HD,9,PERMATA,PERMATA,Y,701563799,0,,,,,,Y,2025-02-06 16:16:53,2025-02-06 16:16:53
899,HD,12,DANA,DANA,Y,EDC,0,,,219.0,1120301016.0,EDC DANA,Y,2025-02-06 16:16:53,2025-02-06 16:16:53
900,HD,13,LinkAja,LinkAja,Y,EDC,0,,,217.0,1120301014.0,EDC LinkAja,Y,2025-02-06 16:16:53,2025-02-06 16:16:53
901,HD,14,GO PAY,GO PAY,Y,EDC,0,,,218.0,1120301015.0,EDC GOPAY,Y,2025-02-06 16:16:53,2025-02-06 16:16:53
902,HD,15,DIGI CASH BJB,DIGI CASH BJB,Y,EDC,0,,,216.0,1120301013.0,EDC DIGI CASH,Y,2025-02-06 16:16:53,2025-02-06 16:16:53
903,HD,16,OVO,OVO,Y,EDC,0,,,215.0,1120301012.0,EDC OVO,Y,2025-02-06 16:16:53,2025-02-06 16:16:53
904,HD,17,BSI,BANK SYARIAH INDONESIA,Y,7945971700,0,,,,,,Y,2025-02-06 16:16:53,2025-02-06 16:16:53
905,HD,18,CIMB NIAGA CAB.,CIMB NIAGA CAB. THAMRIN,Y,800086058200,0,,,,,,Y,2025-02-06 16:16:53,2025-02-06 16:16:53
906,HD,19,1,Bank Rakyat Indonesia (BRI) SLAWI,N,066101001057307,0,,,,,,Y,2025-02-06 16:16:53,2025-02-06 16:16:53
907,HD,20,2,Bank Rakyat Indonesia (BRI) Brebes,N,0014010001518302,0,,,,,,Y,2025-02-06 16:16:53,2025-02-06 16:16:53
908,HD,21,DUITKU,DUITKU.COM,Y,0471221880,0,,,,,,Y,2025-02-06 16:16:53,2025-02-06 16:16:53
909,HD,22,BANK JATENG SEM,BANK JATENG PT PRAMITA SEMARANG,N,1034019564,0,,,,,,Y,2025-02-06 16:16:53,2025-02-06 16:16:53
910,HD,23,121,BCA CAB. DIPONEGORO  ,N,2582124338,0,,,,,,Y,2025-02-06 16:16:53,2025-02-06 16:16:53
911,TA,1,Mandiri,Bank Mandiri,N,1500013538143,0,,,,,,Y,2025-02-06 16:17:00,2025-02-06 16:17:00
912,TA,2,BRI,Bank Rakyat Indonesia (BRI),N,068901000486307,0,,,,,,Y,2025-02-06 16:17:00,2025-02-06 16:17:00
913,TA,3,BNI,Bank Negara Indonesia (BNI),N,8877778847,0,,,,,,Y,2025-02-06 16:17:00,2025-02-06 16:17:00
914,TA,4,BCA,Bank Central Asia (BCA),N,0268830688,0,,,,,,Y,2025-02-06 16:17:00,2025-02-06 16:17:00
915,TA,12,SULUTGO,SULUTGO,N,00101520016006,0,,,,,,Y,2025-02-06 16:17:00,2025-02-06 16:17:00
916,TA,13,QRIS,QRIS,N,0268830688,0,,,,,,Y,2025-02-06 16:17:00,2025-02-06 16:17:00
917,TA,14,OVO,OVO,Y,EDC,0,,,218.0,1120301015.0,EDC GOPAY,Y,2025-02-06 16:17:00,2025-02-06 16:17:00
918,TA,15,LinkAja,LinkAja,Y,EDC,0,,,216.0,1120301013.0,EDC DIGI CASH,Y,2025-02-06 16:17:00,2025-02-06 16:17:00
919,TA,16,GO PAY,GO PAY,Y,EDC,0,,,215.0,1120301012.0,EDC OVO,Y,2025-02-06 16:17:00,2025-02-06 16:17:00
920,TA,17,DIGI CASH BJB,DIGI CASH BJB,Y,EDC,0,,,,,,Y,2025-02-06 16:17:00,2025-02-06 16:17:00
921,TA,18,DANA,DANA,Y,EDC,0,,,,,,Y,2025-02-06 16:17:00,2025-02-06 16:17:00
922,PA,1,Mandiri,Bank Mandiri,Y,1460017932463,0,,,,,,Y,2025-02-06 16:17:06,2025-02-06 16:17:06
923,PA,2,BRI,Bank Rakyat Indonesia (BRI),Y,056901000441303,0,,,,,,Y,2025-02-06 16:17:06,2025-02-06 16:17:06
924,PA,3,BNI,Bank Negara Indonesia (BNI),Y,8113187119,0,,,,,,Y,2025-02-06 16:17:06,2025-02-06 16:17:06
925,PA,3,BNI,Bank Negara Indonesia (BNI),Y,888754627,0,,,,,,Y,2025-02-06 16:17:06,2025-02-06 16:17:06
926,PA,4,BCA,Bank Central Asia (BCA),Y,0299020004,0,,,,,,Y,2025-02-06 16:17:06,2025-02-06 16:17:06
927,PA,9,PERMATA,PERMATA,Y,00702261112,0,,,,,,Y,2025-02-06 16:17:06,2025-02-06 16:17:06
928,PA,12,OVO,OVO,Y,EDC,0,,,219.0,1120301016.0,EDC DANA,Y,2025-02-06 16:17:06,2025-02-06 16:17:06
929,PA,13,LinkAja,LinkAja,Y,EDC,0,,,217.0,1120301014.0,EDC LinkAja,Y,2025-02-06 16:17:06,2025-02-06 16:17:06
930,PA,14,GO PAY,GO PAY,Y,EDC,0,,,218.0,1120301015.0,EDC GOPAY,Y,2025-02-06 16:17:06,2025-02-06 16:17:06
931,PA,15,DIGI CASH BJB,DIGI CASH BJB,Y,EDC,0,,,216.0,1120301013.0,EDC DIGI CASH,Y,2025-02-06 16:17:06,2025-02-06 16:17:06
932,PA,16,DANA,DANA,N,EDC,0,,,,,,Y,2025-02-06 16:17:06,2025-02-06 16:17:06
933,PA,18,BSI,BANK SYARIAH INDONESIA,N,8887544443,0,,,,,,Y,2025-02-06 16:17:06,2025-02-06 16:17:06
934,PA,19,DUITKU,DUITKU.COM,Y,0299020004,0,,,,,,Y,2025-02-06 16:17:06,2025-02-06 16:17:06
935,AA,1,Mandiri - EDC,Bank Mandiri - EDC,Y,1370012152837,0,,,,,,Y,2025-02-06 16:17:35,2025-02-06 16:17:35
936,AA,2,BRI,Bank Rakyat Indonesia (BRI),Y,002901003278309,0,,,,,,Y,2025-02-06 16:17:35,2025-02-06 16:17:35
937,AA,3,BNI - EDC,Bank Negara Indonesia (BNI) - EDC,Y,7978787776,0,,,,,,Y,2025-02-06 16:17:35,2025-02-06 16:17:35
938,AA,4,BCA - EDC,Bank Central Asia (BCA) - EDC,Y,0373683377,0,,,,,,Y,2025-02-06 16:17:35,2025-02-06 16:17:35
939,AA,12,OVO,OVO,Y,7797979789,0,,,,,,Y,2025-02-06 16:17:35,2025-02-06 16:17:35
940,AA,14,DANA,DANA,Y,7797979789,0,,,,,,Y,2025-02-06 16:17:35,2025-02-06 16:17:35
941,AA,16,BSI,Bank Syariah Indonesia,N,3744328100,0,,,,,,Y,2025-02-06 16:17:35,2025-02-06 16:17:35
942,AA,17,DUITKU,DUITKU.COM,Y,0373683555,0,,,,,,Y,2025-02-06 16:17:35,2025-02-06 16:17:35
943,AA,18,BCA - TF,Bank Central Asia (BCA) - Transfer,N,,0,,,,,,Y,2025-02-06 16:17:35,2025-02-06 16:17:35
944,AA,19,Mandiri - TF,Bank Mandiri - Transfer,N,1370012152878,0,,,,,,Y,2025-02-06 16:17:35,2025-02-06 16:17:35
945,AA,20,BNI - TF,Bank Negara Indonesia (BNI) - Transfer,N,7797979789,0,,,,,,Y,2025-02-06 16:17:35,2025-02-06 16:17:35
946,AB,1,Mandiri - EDC,Bank Mandiri - EDC,Y,1370012152837,0,,,,,,Y,2025-02-06 16:17:36,2025-02-06 16:17:36
947,AB,2,BRI,Bank Rakyat Indonesia (BRI),Y,002901003278309,0,,,,,,Y,2025-02-06 16:17:36,2025-02-06 16:17:36
948,AB,3,BNI - TF,Bank Negara Indonesia (BNI) - Transfer,N,7797979789,0,,,,,,Y,2025-02-06 16:17:36,2025-02-06 16:17:36
949,AB,4,BCA - TF,Bank Central Asia (BCA) - Transfer,N,0372684800,0,,,,,,Y,2025-02-06 16:17:36,2025-02-06 16:17:36
950,AB,4,BCA - TF,Bank Central Asia (BCA) - Transfer,N,0373683555,0,,,,,,Y,2025-02-06 16:17:36,2025-02-06 16:17:36
951,AB,12,OVO,OVO,Y,7797979789,0,,,,,,Y,2025-02-06 16:17:36,2025-02-06 16:17:36
952,AB,14,DANA,DANA,Y,7797979789,0,,,,,,Y,2025-02-06 16:17:36,2025-02-06 16:17:36
953,AB,16,BSI,Bank Syariah Indonesia,N,3744328100,0,,,,,,Y,2025-02-06 16:17:36,2025-02-06 16:17:36
954,AB,17,DUITKU,DUITKU.COM,Y,0373683555,0,,,,,,Y,2025-02-06 16:17:36,2025-02-06 16:17:36
955,AB,18,BCA - EDC,Bank Central Asia (BCA) - EDC,Y,0373683377,0,,,,,,Y,2025-02-06 16:17:36,2025-02-06 16:17:36
956,AB,19,BNI - EDC,Bank Negara Indonesia (BNI) - EDC,Y,7978787776,0,,,,,,Y,2025-02-06 16:17:36,2025-02-06 16:17:36
957,AB,20,Mandiri - TF,Bank Mandiri - Transfer,N,1370012152878,0,,,,,,Y,2025-02-06 16:17:36,2025-02-06 16:17:36
958,DE,1,Mandiri,Bank Mandiri KC Yos Sudarso,Y,1340010220233,0,,,,,,Y,2025-02-06 16:18:01,2025-02-06 16:18:01
959,DE,1,Mandiri,Bank Mandiri KC Yos Sudarso,Y,1340010222254,0,,,,,,Y,2025-02-06 16:18:01,2025-02-06 16:18:01
960,DE,3,BNI,Bank Nasional Indonesia (BNI),Y,0610595958,0,,,,,,Y,2025-02-06 16:18:01,2025-02-06 16:18:01
961,DE,3,BNI,Bank Nasional Indonesia (BNI),Y,0610610195,0,,,,,,Y,2025-02-06 16:18:01,2025-02-06 16:18:01
962,DE,4,BCA,Bank Central Asia (BCA),Y,8180169700,0,,,,,,Y,2025-02-06 16:18:01,2025-02-06 16:18:01
963,DE,7,BSI,BANK SYARIAH INDONESIA,N,2489900001,0,,,,,,Y,2025-02-06 16:18:01,2025-02-06 16:18:01
964,DE,9,PERMATA,PERMATA,Y,701563492,0,,,,,,Y,2025-02-06 16:18:01,2025-02-06 16:18:01
965,DE,11,BCA EDC H.SE,Bank Central Asia (BCA) HSE,Y,8180171666,0,,,,,,Y,2025-02-06 16:18:01,2025-02-06 16:18:01
966,DE,12,DANA,DANA,Y,EDC,0,,,219.0,1120301016.0,EDC DANA,Y,2025-02-06 16:18:01,2025-02-06 16:18:01
967,DE,13,LinkAja,LinkAja,Y,EDC,0,,,217.0,1120301014.0,EDC LinkAja,Y,2025-02-06 16:18:01,2025-02-06 16:18:01
968,DE,14,GO PAY,GO PAY,Y,EDC,0,,,218.0,1120301015.0,EDC GOPAY,Y,2025-02-06 16:18:01,2025-02-06 16:18:01
969,DE,15,DIGI CASH BJB,DIGI CASH BJB,Y,EDC,0,,,216.0,1120301013.0,EDC DIGI CASH,Y,2025-02-06 16:18:01,2025-02-06 16:18:01
970,DE,16,OVO,OVO,Y,EDC,0,,,215.0,1120301012.0,EDC OVO,Y,2025-02-06 16:18:01,2025-02-06 16:18:01
971,DE,17,DUITKU,DUITKU.COM,N,1340010220233,0,,,,,,Y,2025-02-06 16:18:01,2025-02-06 16:18:01
972,JA,1,Mandiri,Bank Mandiri,Y,1120026688668,0,,,,,,Y,2025-02-06 16:18:06,2025-02-06 16:18:06
973,JA,1,Mandiri,Bank Mandiri,Y,1120026686860,0,,,,,,Y,2025-02-06 16:18:06,2025-02-06 16:18:06
974,JA,1,Mandiri,Bank Mandiri,Y,1120000400502,0,,,,,,Y,2025-02-06 16:18:06,2025-02-06 16:18:06
975,JA,3,BNI,Bank Negara Indonesia (BNI),Y,2540254025,0,,,,,,Y,2025-02-06 16:18:06,2025-02-06 16:18:06
976,JA,4,BCA,Bank Central Asia (BCA),Y,0213239900,0,,,,,,Y,2025-02-06 16:18:06,2025-02-06 16:18:06
977,JA,4,BCA,Bank Central Asia (BCA),Y,0212790000,0,,,,,,Y,2025-02-06 16:18:06,2025-02-06 16:18:06
978,JA,4,BCA,Bank Central Asia (BCA),Y,0213246655,0,,,,,,Y,2025-02-06 16:18:06,2025-02-06 16:18:06
979,JA,4,BCA,Bank Central Asia (BCA),Y,3423235060,0,,,,,,Y,2025-02-06 16:18:06,2025-02-06 16:18:06
980,JA,4,BCA,Bank Central Asia (BCA),Y,0213240088,0,,,,,,Y,2025-02-06 16:18:06,2025-02-06 16:18:06
981,JA,12,DANA,DANA,Y,EDC,0,,,219.0,1120301016.0,EDC DANA,Y,2025-02-06 16:18:06,2025-02-06 16:18:06
982,JA,13,LinkAja,LinkAja,Y,EDC,0,,,217.0,1120301014.0,EDC LinkAja,Y,2025-02-06 16:18:06,2025-02-06 16:18:06
983,JA,14,GO PAY,GO PAY,Y,EDC,0,,,218.0,1120301015.0,EDC GOPAY,Y,2025-02-06 16:18:06,2025-02-06 16:18:06
984,JA,15,DIGI CASH BJB,DIGI CASH BJB,Y,EDC,0,,,216.0,1120301013.0,EDC DIGI CASH,Y,2025-02-06 16:18:06,2025-02-06 16:18:06
985,JA,16,OVO,OVO,Y,EDC,0,,,215.0,1120301012.0,EDC OVO,Y,2025-02-06 16:18:06,2025-02-06 16:18:06
986,JB,1,Mandiri,Bank Mandiri,Y,1120000400502,0,,,,,,Y,2025-02-06 16:18:07,2025-02-06 16:18:07
987,JB,1,Mandiri,Bank Mandiri,Y,1120026686860,0,,,,,,Y,2025-02-06 16:18:07,2025-02-06 16:18:07
988,JB,3,BNI,Bank Negara Indonesia (BNI),Y,2540254025,0,,,,,,Y,2025-02-06 16:18:07,2025-02-06 16:18:07
989,JB,4,BCA,Bank Central Asia (BCA),Y,0212790000,0,,,,,,Y,2025-02-06 16:18:07,2025-02-06 16:18:07
990,JB,4,BCA,Bank Central Asia (BCA),Y,0213239900,0,,,,,,Y,2025-02-06 16:18:07,2025-02-06 16:18:07
991,JB,4,BCA,Bank Central Asia (BCA),Y,3423235060,0,,,,,,Y,2025-02-06 16:18:07,2025-02-06 16:18:07
992,JB,4,BCA,Bank Central Asia (BCA),Y,0213246655,0,,,,,,Y,2025-02-06 16:18:07,2025-02-06 16:18:07
993,JB,12,DANA,DANA,Y,EDC,0,,,219.0,1120301016.0,EDC DANA,Y,2025-02-06 16:18:07,2025-02-06 16:18:07
994,JB,13,LinkAja,LinkAja,Y,EDC,0,,,217.0,1120301014.0,EDC LinkAja,Y,2025-02-06 16:18:07,2025-02-06 16:18:07
995,JB,14,GO PAY,GO PAY,Y,EDC,0,,,218.0,1120301015.0,EDC GOPAY,Y,2025-02-06 16:18:07,2025-02-06 16:18:07
996,JB,15,DIGI CASH BJB,DIGI CASH BJB,Y,EDC,0,,,216.0,1120301013.0,EDC DIGI CASH,Y,2025-02-06 16:18:07,2025-02-06 16:18:07
997,JB,16,OVO,OVO,Y,EDC,0,,,215.0,1120301012.0,EDC OVO,Y,2025-02-06 16:18:07,2025-02-06 16:18:07
998,JC,1,Mandiri,Bank Mandiri,Y,1130057776555,0,,,,,,Y,2025-02-06 16:18:07,2025-02-06 16:18:07
999,JC,1,Mandiri,Bank Mandiri,Y,1120000400502,0,,,,,,Y,2025-02-06 16:18:07,2025-02-06 16:18:07
1000,JC,1,Mandiri,Bank Mandiri,Y,1120026686860,0,,,,,,Y,2025-02-06 16:18:07,2025-02-06 16:18:07
1001,JC,3,BNI,Bank Negara Indonesia (BNI),Y,2540254025,0,,,,,,Y,2025-02-06 16:18:07,2025-02-06 16:18:07
1002,JC,4,BCA,Bank Central Asia (BCA),Y,3410622229,0,,,,,,Y,2025-02-06 16:18:07,2025-02-06 16:18:07
1003,JC,4,BCA,Bank Central Asia (BCA),Y,3423235060,0,,,,,,Y,2025-02-06 16:18:07,2025-02-06 16:18:07
1004,JC,4,BCA,Bank Central Asia (BCA),Y,0213239900,0,,,,,,Y,2025-02-06 16:18:07,2025-02-06 16:18:07
1005,JC,4,BCA,Bank Central Asia (BCA),Y,0213246655,0,,,,,,Y,2025-02-06 16:18:07,2025-02-06 16:18:07
1006,JC,4,BCA,Bank Central Asia (BCA),Y,0213246060,0,,,,,,Y,2025-02-06 16:18:07,2025-02-06 16:18:07
1007,JC,12,DANA,DANA,Y,EDC,0,,,219.0,1120301016.0,EDC DANA,Y,2025-02-06 16:18:07,2025-02-06 16:18:07
1008,JC,13,LinkAja,LinkAja,Y,EDC,0,,,217.0,1120301014.0,EDC LinkAja,Y,2025-02-06 16:18:07,2025-02-06 16:18:07
1009,JC,14,GO PAY,GO PAY,Y,EDC,0,,,218.0,1120301015.0,EDC GOPAY,Y,2025-02-06 16:18:07,2025-02-06 16:18:07
1010,JC,15,DIGI CASH BJB,DIGI CASH BJB,Y,EDC,0,,,216.0,1120301013.0,EDC DIGI CASH,Y,2025-02-06 16:18:07,2025-02-06 16:18:07
1011,JC,16,OVO,OVO,Y,EDC,0,,,215.0,1120301012.0,EDC OVO,Y,2025-02-06 16:18:07,2025-02-06 16:18:07
1012,DB,4,BCA,Bank Central Asia (BCA),Y,8888333214,0,,,,,,Y,2025-02-06 16:18:41,2025-02-06 16:18:41
1013,TA,13,QRIS,QRIS,N,068901000486307,0,,,,,,Y,2025-02-06 16:20:12,2025-02-06 16:20:12
1014,TA,13,QRIS,QRIS,N,1500013538143,0,,,,,,Y,2025-02-06 16:20:12,2025-02-06 16:20:12
1015,TA,13,QRIS,QRIS,N,8877778847,0,,,,,,Y,2025-02-06 16:20:12,2025-02-06 16:20:12
1016,AA,18,BCA - TF,Bank Central Asia (BCA) - Transfer,N,0373683555,0,,,,,,Y,2025-02-06 16:20:43,2025-02-06 16:20:43
1017,EA,1,Mandiri,Bank Mandiri,Y,1060012544915,0,,,,,,Y,2025-02-06 16:22:55,2025-02-06 16:22:55
1018,EA,1,Mandiri,Bank Mandiri,Y,1060012544949,0,,,,,,Y,2025-02-06 16:22:55,2025-02-06 16:22:55
1019,EA,3,BNI,Bank Nasional Indonesia (BNI),Y,1133557780,0,,,,,,Y,2025-02-06 16:22:55,2025-02-06 16:22:55
1020,EA,4,BCA,Bank Central Asia (BCA),Y,3831377371,0,,,,,,Y,2025-02-06 16:22:55,2025-02-06 16:22:55
1021,EA,4,BCA,Bank Central Asia (BCA),Y,3831377397,0,,,,,,Y,2025-02-06 16:22:55,2025-02-06 16:22:55
1022,EA,12,DANA,DANA,Y,EDC,0,,,219.0,1120301016.0,EDC DANA,Y,2025-02-06 16:22:55,2025-02-06 16:22:55
1023,EA,13,LinkAja,LinkAja,Y,EDC,0,,,217.0,1120301014.0,EDC LinkAja,Y,2025-02-06 16:22:55,2025-02-06 16:22:55
1024,EA,14,GO PAY,GO PAY,Y,EDC,0,,,218.0,1120301015.0,EDC GOPAY,Y,2025-02-06 16:22:55,2025-02-06 16:22:55
1025,EA,15,DIGI CASH BJB,DIGI CASH BJB,Y,EDC,0,,,216.0,1120301013.0,EDC DIGI CASH,Y,2025-02-06 16:22:55,2025-02-06 16:22:55
1026,EA,16,OVO,OVO,Y,EDC,0,,,215.0,1120301012.0,EDC OVO,Y,2025-02-06 16:22:55,2025-02-06 16:22:55
1027,EA,17,DANAMON,DANAMON,N,49023989,0,,,,,,Y,2025-02-06 16:22:55,2025-02-06 16:22:55
1028,EB,1,Mandiri,Bank Mandiri,Y,1060007586475,0,,,,,,Y,2025-02-06 16:22:56,2025-02-06 16:22:56
1029,EB,4,BCA,Bank Central Asia (BCA),Y,2588866659,0,,,,,,Y,2025-02-06 16:22:56,2025-02-06 16:22:56
1030,EB,7,BSI,BANK SYARIAH INDONESIA,N,7070707754,0,,,,,,Y,2025-02-06 16:22:56,2025-02-06 16:22:56
1031,EB,9,PERMATA,PERMATA,Y,0701835344,0,,,,,,Y,2025-02-06 16:22:56,2025-02-06 16:22:56
1032,EB,11,BCA HSE,Bank Central Asia (BCA) HSE,N,3831377397,0,,,,,,Y,2025-02-06 16:22:56,2025-02-06 16:22:56
1033,EB,12,DANA,DANA,Y,EDC,0,,,219.0,1120301016.0,EDC DANA,Y,2025-02-06 16:22:56,2025-02-06 16:22:56
1034,EB,13,LinkAja,LinkAja,Y,EDC,0,,,217.0,1120301014.0,EDC LinkAja,Y,2025-02-06 16:22:56,2025-02-06 16:22:56
1035,EB,14,GO PAY,GO PAY,Y,EDC,0,,,218.0,1120301015.0,EDC GOPAY,Y,2025-02-06 16:22:56,2025-02-06 16:22:56
1036,EB,16,OVO,OVO,Y,EDC,0,,,215.0,1120301012.0,EDC OVO,Y,2025-02-06 16:22:56,2025-02-06 16:22:56
1037,EB,19,BCA BARU,BCA HSE BARU,Y,3831677901,0,,,,,,Y,2025-02-06 16:22:56,2025-02-06 16:22:56
1038,EC,1,Mandiri,Bank Mandiri,Y,13900211189380,0,,,,,,Y,2025-02-06 16:22:56,2025-02-06 16:22:56
1039,EC,1,Mandiri,Bank Mandiri,Y,1060002982802,0,,,,,,Y,2025-02-06 16:22:56,2025-02-06 16:22:56
1040,EC,1,Mandiri,Bank Mandiri,Y,1060007586475,0,,,,,,Y,2025-02-06 16:22:56,2025-02-06 16:22:56
1041,EC,2,BRI,Bank Rakyat Indonesia (BRI),Y,036701002712308,0,,,,,,Y,2025-02-06 16:22:56,2025-02-06 16:22:56
1042,EC,2,BRI,Bank Rakyat Indonesia (BRI),Y,010101001785300,0,,,,,,Y,2025-02-06 16:22:56,2025-02-06 16:22:56
1043,EC,4,BCA,Bank Central Asia (BCA),Y,3423235060,0,,,,,,Y,2025-02-06 16:22:56,2025-02-06 16:22:56
1044,EC,4,BCA,Bank Central Asia (BCA),Y,8005175085,0,,,,,,Y,2025-02-06 16:22:56,2025-02-06 16:22:56
1045,EC,4,BCA,Bank Central Asia (BCA),Y,2588866659,0,,,,,,Y,2025-02-06 16:22:56,2025-02-06 16:22:56
1046,EC,7,BSI,BANK SYARIAH INDONESIA,N,0794597170,0,,,,,,Y,2025-02-06 16:22:56,2025-02-06 16:22:56
1047,EC,9,PERMATA,PERMATA,Y,701563799,0,,,,,,Y,2025-02-06 16:22:56,2025-02-06 16:22:56
1048,EC,11,BCA HSE,Bank Central Asia (BCA) HSE,N,3831377397,0,,,,,,Y,2025-02-06 16:22:56,2025-02-06 16:22:56
1049,EC,12,DANA,DANA,Y,EDC,0,,,219.0,1120301016.0,EDC DANA,Y,2025-02-06 16:22:56,2025-02-06 16:22:56
1050,EC,13,LinkAja,LinkAja,Y,EDC,0,,,217.0,1120301014.0,EDC LinkAja,Y,2025-02-06 16:22:56,2025-02-06 16:22:56
1051,EC,14,GO PAY,GO PAY,Y,EDC,0,,,218.0,1120301015.0,EDC GOPAY,Y,2025-02-06 16:22:56,2025-02-06 16:22:56
1052,EC,15,DIGI CASH BJB,DIGI CASH BJB,Y,EDC,0,,,216.0,1120301013.0,EDC DIGI CASH,Y,2025-02-06 16:22:56,2025-02-06 16:22:56
1053,EC,16,OVO,OVO,Y,EDC,0,,,215.0,1120301012.0,EDC OVO,Y,2025-02-06 16:22:56,2025-02-06 16:22:56
1054,EC,19,BNI WAHID HASYI,Bank Nasional Indonesia (BNI),Y,1722585469,0,,,,,,Y,2025-02-06 16:22:56,2025-02-06 16:22:56
1055,FA,1,Mandiri,Bank Mandiri,Y,1110007360346,0,,,,,,Y,2025-02-06 16:29:15,2025-02-06 16:29:15
1056,FA,2,BRI,Bank Rakyat Indonesia (BRI),Y,005801003015308,0,,,,,,Y,2025-02-06 16:29:15,2025-02-06 16:29:15
1057,FA,2,BRI,Bank Rakyat Indonesia (BRI),Y,005801002438309,0,,,,,,Y,2025-02-06 16:29:15,2025-02-06 16:29:15
1058,FA,3,BNI,Bank Negara Indonesia (BNI),Y,556999881,0,,,,,,Y,2025-02-06 16:29:15,2025-02-06 16:29:15
1059,FA,4,BCA,Bank Central Asia (BCA),Y,1630522214,0,,,,,,Y,2025-02-06 16:29:15,2025-02-06 16:29:15
1060,FA,4,BCA,Bank Central Asia (BCA),Y,0322009508,0,,,,,,Y,2025-02-06 16:29:15,2025-02-06 16:29:15
1061,FA,4,BCA,Bank Central Asia (BCA),Y,3423235060,0,,,,,,Y,2025-02-06 16:29:15,2025-02-06 16:29:15
1062,FA,4,BCA,Bank Central Asia (BCA),Y,2582124338,0,,,,,,Y,2025-02-06 16:29:15,2025-02-06 16:29:15
1063,FA,12,DANA,DANA,Y,EDC,0,,,219.0,1120301016.0,EDC DANA,Y,2025-02-06 16:29:15,2025-02-06 16:29:15
1064,FA,13,LinkAja,LinkAja,Y,EDC,0,,,217.0,1120301014.0,EDC LinkAja,Y,2025-02-06 16:29:15,2025-02-06 16:29:15
1065,FA,14,GO PAY,GO PAY,Y,EDC,0,,,218.0,1120301015.0,EDC GOPAY,Y,2025-02-06 16:29:15,2025-02-06 16:29:15
1066,FA,15,DIGI CASH BJB,DIGI CASH BJB,Y,EDC,0,,,216.0,1120301013.0,EDC DIGI CASH,Y,2025-02-06 16:29:15,2025-02-06 16:29:15
1067,FA,16,OVO,OVO,Y,EDC,0,,,215.0,1120301012.0,EDC OVO,Y,2025-02-06 16:29:15,2025-02-06 16:29:15
1068,FA,17,CIMB,CIMB NIAGA,N,80086058200,0,,,,,,Y,2025-02-06 16:29:15,2025-02-06 16:29:15
1069,FA,17,CIMB,CIMB NIAGA,N,800147588500,0,,,,,,Y,2025-02-06 16:29:15,2025-02-06 16:29:15
1070,FA,18,NAGARI,BANK NAGARI,Y,21000103042537,0,,,,,,Y,2025-02-06 16:29:15,2025-02-06 16:29:15
1071,FA,19,DUITKU,DUITKU.COM,Y,556999881,0,,,,,,Y,2025-02-06 16:29:15,2025-02-06 16:29:15
1072,GA,1,MANDIRI PT,BANK MANDIRI (PT),Y,1080014679618,0,,,,,,Y,2025-02-06 16:30:25,2025-02-06 16:30:25
1073,GA,2,BRI PT,Bank Rakyat Indonesia (BRI),Y,109801000169301,0,,,,,,Y,2025-02-06 16:30:25,2025-02-06 16:30:25
1074,GA,3,BNI PT,BNI (PT),Y,0469274912,0,,,,,,Y,2025-02-06 16:30:25,2025-02-06 16:30:25
1075,GA,4,BCA PT,Bank Central Asia (BCA) PT,Y,2588866632,0,,,,,,Y,2025-02-06 16:30:25,2025-02-06 16:30:25
1076,GA,7,MANDIRI HSE,BANK MANDIRI (HSE),N,1080014679642,0,,,,,,Y,2025-02-06 16:30:25,2025-02-06 16:30:25
1077,GA,11,BNI HSE,BNI (HSE),N,0483686917,0,,,,,,Y,2025-02-06 16:30:25,2025-02-06 16:30:25
1078,GA,12,DANA,DANA,Y,EDC,0,,,219.0,1120301016.0,EDC DANA,Y,2025-02-06 16:30:25,2025-02-06 16:30:25
1079,GA,13,  QRIS MANDIRI,H.SARNO ERYANTO,Y,EDC,0,,,217.0,1120301014.0,EDC LinkAja,Y,2025-02-06 16:30:25,2025-02-06 16:30:25
1080,GA,14,GO PAY,GO PAY,Y,EDC,0,,,218.0,1120301015.0,EDC GOPAY,Y,2025-02-06 16:30:25,2025-02-06 16:30:25
1081,GA,15,DIGI CASH BJB,DIGI CASH BJB,Y,EDC,0,,,216.0,1120301013.0,EDC DIGI CASH,Y,2025-02-06 16:30:25,2025-02-06 16:30:25
1082,GA,16,OVO,OVO,Y,EDC,0,,,215.0,1120301012.0,EDC OVO,Y,2025-02-06 16:30:25,2025-02-06 16:30:25
1083,HB,1,Mandiri,Bank Mandiri,Y,1360028298880,0,,,,,,Y,2025-02-06 16:32:00,2025-02-06 16:32:00
1084,HB,2,BRI,Bank Rakyat Indonesia (BRI),Y,0048010001146566,0,,,,,,Y,2025-02-06 16:32:00,2025-02-06 16:32:00
1085,HB,3,BNI,Bank Negara Indonesia (BNI),Y,1809868880,0,,,,,,Y,2025-02-06 16:32:00,2025-02-06 16:32:00
1086,HB,4,BCA,Bank Central Asia (BCA),Y,1229798888,0,,,,,,Y,2025-02-06 16:32:00,2025-02-06 16:32:00
1087,HB,12,DANA,DANA,Y,EDC,0,,,219.0,1120301016.0,EDC DANA,Y,2025-02-06 16:32:00,2025-02-06 16:32:00
1088,HB,13,LinkAja,LinkAja,Y,EDC,0,,,217.0,1120301014.0,EDC LinkAja,Y,2025-02-06 16:32:00,2025-02-06 16:32:00
1089,HB,14,GO PAY,GO PAY,Y,EDC,0,,,218.0,1120301015.0,EDC GOPAY,Y,2025-02-06 16:32:00,2025-02-06 16:32:00
1090,HB,15,DIGI CASH BJB,DIGI CASH BJB,Y,EDC,0,,,216.0,1120301013.0,EDC DIGI CASH,Y,2025-02-06 16:32:00,2025-02-06 16:32:00
1091,HB,16,OVO,OVO,Y,EDC,0,,,215.0,1120301012.0,EDC OVO,Y,2025-02-06 16:32:00,2025-02-06 16:32:00
1092,HB,17,BTN,Bank Tabungan Negara,N,0008101500081283,0,,,,,,Y,2025-02-06 16:32:00,2025-02-06 16:32:00
1093,HB,18,DUITKU,DUITKU.COM,Y,1229798888,0,,,,,,Y,2025-02-06 16:32:00,2025-02-06 16:32:00
1094,HA,1,MANDIRI,MANDIRI,Y,1350014331050,0,,,,,,Y,2025-02-06 16:32:20,2025-02-06 16:32:20
1095,HA,1,MANDIRI,MANDIRI,Y,EDC,0,,,,,,Y,2025-02-06 16:32:20,2025-02-06 16:32:20
1096,HA,3,BNI,BNI,Y,1888288829,0,,,,,,Y,2025-02-06 16:32:20,2025-02-06 16:32:20
1097,HA,4,BCA,BCA,Y,0091311100,0,,,,,,Y,2025-02-06 16:32:20,2025-02-06 16:32:20
1098,HA,9,PERMATA,PERMATA,Y,702108853,0,,,,,,Y,2025-02-06 16:32:20,2025-02-06 16:32:20
1099,HA,17,BSI,BSI,Y,7375888120,0,,,,,,Y,2025-02-06 16:32:20,2025-02-06 16:32:20
1100,HA,18,BANK JATENG,BANK JATENG,N,1034019564,0,,,,,,Y,2025-02-06 16:32:20,2025-02-06 16:32:20
1101,HE,1,MANDIRI,MANDIRI,Y,13500224444242,0,,,,,,Y,2025-02-06 16:32:21,2025-02-06 16:32:21
1102,HE,1,MANDIRI,MANDIRI,Y,,0,,,,,,Y,2025-02-06 16:32:21,2025-02-06 16:32:21
1103,HE,2,BRI,BRI,Y,,0,,,,,,Y,2025-02-06 16:32:21,2025-02-06 16:32:21
1104,HE,2,BRI,BRI,Y,043501211211302,0,,,,,,Y,2025-02-06 16:32:21,2025-02-06 16:32:21
1105,HE,4,BCA,BCA,Y,,0,,,,,,Y,2025-02-06 16:32:21,2025-02-06 16:32:21
1106,HE,4,BCA,BCA,Y,0097217070,0,,,,,,Y,2025-02-06 16:32:21,2025-02-06 16:32:21
1107,HE,17,BSI,BSI,Y,,0,,,,,,Y,2025-02-06 16:32:21,2025-02-06 16:32:21
1108,HE,17,BSI,BSI,Y,2112212216,0,,,,,,Y,2025-02-06 16:32:21,2025-02-06 16:32:21
1109,HC,1,Mandiri,Bank Mandiri,Y,1360018575149,0,,,,,,Y,2025-02-06 16:33:24,2025-02-06 16:33:24
1110,HC,2,BRI,Bank Rakyat Indonesia (BRI),Y,008101001152309,0,,,,,,Y,2025-02-06 16:33:24,2025-02-06 16:33:24
1111,HC,3,BNI,Bank Nasional Indonesia (BNI),Y,1122432946,0,,,,,,Y,2025-02-06 16:33:24,2025-02-06 16:33:24
1112,HC,4,BCA,Bank Central Asia (BCA),Y,0131237676,0,,,,,,Y,2025-02-06 16:33:24,2025-02-06 16:33:24
1113,HC,12,DANA,DANA,Y,EDC,0,,,219.0,1120301016.0,EDC DANA,Y,2025-02-06 16:33:24,2025-02-06 16:33:24
1114,HC,13,LinkAja,LinkAja,Y,EDC,0,,,217.0,1120301014.0,EDC LinkAja,Y,2025-02-06 16:33:24,2025-02-06 16:33:24
1115,HC,14,GO PAY,GO PAY,Y,EDC,0,,,218.0,1120301015.0,EDC GOPAY,Y,2025-02-06 16:33:24,2025-02-06 16:33:24
1116,HC,15,DIGI CASH BJB,DIGI CASH BJB,Y,EDC,0,,,216.0,1120301013.0,EDC DIGI CASH,Y,2025-02-06 16:33:24,2025-02-06 16:33:24
1117,HC,16,OVO,OVO,Y,EDC,0,,,215.0,1120301012.0,EDC OVO,Y,2025-02-06 16:33:24,2025-02-06 16:33:24
1118,HC,17,CIMB NIAGA,CIMB NIAGA,N,800147154400,0,,,,,,Y,2025-02-06 16:33:24,2025-02-06 16:33:24
1119,LM,1,Mandiri,Bank Mandiri,Y,1710003337774,0,,,,,,Y,2025-02-06 16:33:40,2025-02-06 16:33:40
1120,LM,2,BRI,Bank Rakyat Indonesia (BRI),Y,004501000663563,0,,,,,,Y,2025-02-06 16:33:40,2025-02-06 16:33:40
1121,LM,3,BNI,Bank Negara Indonesia (BNI),Y,0413899622,0,,,,,,Y,2025-02-06 16:33:40,2025-02-06 16:33:40
1122,LM,4,BCA,Bank Central Asia (BCA),Y,1773045899,0,,,,,,Y,2025-02-06 16:33:40,2025-02-06 16:33:40
1123,LM,12,DANA,DANA,Y,EDC,0,,,219.0,1120301016.0,EDC DANA,Y,2025-02-06 16:33:40,2025-02-06 16:33:40
1124,LM,13,LinkAja,LinkAja,Y,EDC,0,,,217.0,1120301014.0,EDC LinkAja,Y,2025-02-06 16:33:40,2025-02-06 16:33:40
1125,LM,14,GO PAY,GO PAY,Y,EDC,0,,,218.0,1120301015.0,EDC GOPAY,Y,2025-02-06 16:33:40,2025-02-06 16:33:40
1126,LM,15,DIGI CASH BJB,DIGI CASH BJB,Y,EDC,0,,,216.0,1120301013.0,EDC DIGI CASH,Y,2025-02-06 16:33:40,2025-02-06 16:33:40
1127,LM,16,OVO,OVO,Y,EDC,0,,,215.0,1120301012.0,EDC OVO,Y,2025-02-06 16:33:40,2025-02-06 16:33:40
1128,LM,17,DUITKU,DUITKU.COM,Y,1773045899,0,,,,,,Y,2025-02-06 16:33:40,2025-02-06 16:33:40
1129,SA,1,Mandiri,Bank Mandiri,Y,1490007736285,0,,,,,,Y,2025-02-06 16:34:18,2025-02-06 16:34:18
1130,SA,3,BNI HSE,Bank Negara Indonesia (BNI),Y,2106101959,0,,,,,,Y,2025-02-06 16:34:18,2025-02-06 16:34:18
1131,SA,4,BCA,Bank Central Asia (BCA),Y,1912334141,0,,,,,,Y,2025-02-06 16:34:18,2025-02-06 16:34:18
1132,SA,9,PERMATA,PERMATA,Y,5504367373,0,,,,,,Y,2025-02-06 16:34:18,2025-02-06 16:34:18
1133,SA,11,BCA HSE,Bank Central Asia (BCA) HSE,Y,1913003300,0,,,,,,Y,2025-02-06 16:34:18,2025-02-06 16:34:18
1134,SA,18,BCA HSE QRIS,Bank Central Asia (BCA) HSE QRIS,Y,1913003300,0,,,,,,Y,2025-02-06 16:34:18,2025-02-06 16:34:18
1135,SA,20,CIMB NIAGA HSE,Bank CIMB Niaga,Y,860013003100,0,,,,,,Y,2025-02-06 16:34:18,2025-02-06 16:34:18
1136,SA,22,BNI HSE QRIS,Bank Negara Indonesia (BNI) H.Sarno QRIS,Y,2106101959,0,,,,,,Y,2025-02-06 16:34:18,2025-02-06 16:34:18
1137,SA,23,"BNI, PT",Bank Negara Indonesia,N,8510977771,0,,,,,,Y,2025-02-06 16:34:18,2025-02-06 16:34:18
1138,SA,24,Mandiri HSE QRI,Bank Mandiri QRIS,Y,1490007736285,0,,,,,,Y,2025-02-06 16:34:18,2025-02-06 16:34:18
1139,SA,25,CIMB HSE QRIS,Bank CIMB Niaga QRIS,Y,860013003100,0,,,,,,Y,2025-02-06 16:34:18,2025-02-06 16:34:18
1140,SA,26,BSI,Bank Syariah Indonesia,Y,785000007,0,,,,,,Y,2025-02-06 16:34:18,2025-02-06 16:34:18
1141,SA,27,BSI QRIS HSE,BANK SYARIAH INDONESIA QRIS,Y,785000007,0,,,,,,Y,2025-02-06 16:34:18,2025-02-06 16:34:18
1142,VA,1,Mandiri,Bank Mandiri,Y,1520015060383,0,,,,,,Y,2025-02-06 16:35:45,2025-02-06 16:35:45
1143,VA,1,Mandiri,Bank Mandiri,Y,1520015060508,0,,,,,,Y,2025-02-06 16:35:45,2025-02-06 16:35:45
1144,VA,3,BNI,Bank Negara Indonesia (BNI),Y,8881011012,0,,,,,,Y,2025-02-06 16:35:45,2025-02-06 16:35:45
1145,VA,4,BCA,Bank Central Asia (BCA),Y,7890811544,0,,,,,,Y,2025-02-06 16:35:45,2025-02-06 16:35:45
1146,VA,7,BANK SYARIAH IN,BANK SYARIAH INDONESIA,N,8787666556,0,,,,,,Y,2025-02-06 16:35:45,2025-02-06 16:35:45
1147,VA,12,DANA,DANA,Y,EDC,0,,,219.0,1120301016.0,EDC DANA,Y,2025-02-06 16:35:45,2025-02-06 16:35:45
1148,VA,13,LinkAja,LinkAja,Y,EDC,0,,,217.0,1120301014.0,EDC LinkAja,Y,2025-02-06 16:35:45,2025-02-06 16:35:45
1149,VA,14,GO PAY,GO PAY,Y,EDC,0,,,218.0,1120301015.0,EDC GOPAY,Y,2025-02-06 16:35:45,2025-02-06 16:35:45
1150,VA,15,DIGI CASH BJB,DIGI CASH BJB,Y,EDC,0,,,216.0,1120301013.0,EDC DIGI CASH,Y,2025-02-06 16:35:45,2025-02-06 16:35:45
1151,VA,16,OVO,OVO,Y,EDC,0,,,215.0,1120301012.0,EDC OVO,Y,2025-02-06 16:35:45,2025-02-06 16:35:45
1152,VB,4,BCA,Bank Central Asia (BCA),Y,7892320091,0,,,,,,Y,2025-02-06 16:35:45,2025-02-06 16:35:45
1153,VB,12,DANA,DANA,Y,EDC,0,,,219.0,1120301016.0,EDC DANA,Y,2025-02-06 16:35:45,2025-02-06 16:35:45
1154,VB,13,LinkAja,LinkAja,Y,EDC,0,,,217.0,1120301014.0,EDC LinkAja,Y,2025-02-06 16:35:45,2025-02-06 16:35:45
1155,VB,14,GO PAY,GO PAY,Y,EDC,0,,,218.0,1120301015.0,EDC GOPAY,Y,2025-02-06 16:35:45,2025-02-06 16:35:45
1156,VB,15,DIGI CASH BJB,DIGI CASH BJB,Y,EDC,0,,,216.0,1120301013.0,EDC DIGI CASH,Y,2025-02-06 16:35:45,2025-02-06 16:35:45
1157,VB,16,OVO,OVO,Y,EDC,0,,,215.0,1120301012.0,EDC OVO,Y,2025-02-06 16:35:45,2025-02-06 16:35:45
1158,VB,18,BSI,Bank Syariah Indonesia (PT),Y,8787666556,0,,,,,,Y,2025-02-06 16:35:45,2025-02-06 16:35:45
1159,,1,Mandiri,Bank Mandiri,Y,1450013706755,0,,,,,,Y,2025-02-06 16:36:11,2025-02-06 16:36:11
1160,,2,BRI,Bank Rakyat Indonesia (BRI),Y,001701004723306,0,,,,,,Y,2025-02-06 16:36:11,2025-02-06 16:36:11
1161,,3,BNI,Bank Negara Indonesia (BNI),Y,1174606902,0,,,,,,Y,2025-02-06 16:36:11,2025-02-06 16:36:11
1162,,4,BCA,Bank Central Asia (BCA),Y,2588866641,0,,,,,,Y,2025-02-06 16:36:11,2025-02-06 16:36:11
1163,,12,DANA,DANA,Y,EDC,0,,,219.0,1120301016.0,EDC DANA,Y,2025-02-06 16:36:11,2025-02-06 16:36:11
1164,,13,LinkAja,LinkAja,Y,EDC,0,,,217.0,1120301014.0,EDC LinkAja,Y,2025-02-06 16:36:11,2025-02-06 16:36:11
1165,,14,GO PAY,GO PAY,Y,EDC,0,,,218.0,1120301015.0,EDC GOPAY,Y,2025-02-06 16:36:11,2025-02-06 16:36:11
1166,,15,DIGI CASH BJB,DIGI CASH BJB,Y,EDC,0,,,216.0,1120301013.0,EDC DIGI CASH,Y,2025-02-06 16:36:11,2025-02-06 16:36:11
1167,,16,OVO,OVO,Y,EDC,0,,,215.0,1120301012.0,EDC OVO,Y,2025-02-06 16:36:11,2025-02-06 16:36:11
1168,,18,DUITKU,DUITKU.COM,Y,1450013706755,0,,,,,,Y,2025-02-06 16:36:11,2025-02-06 16:36:11
1169,,19,DANAMON,Bank Danamon Indonesia,Y,003675168565,0,,,,,,Y,2025-02-06 16:36:11,2025-02-06 16:36:11
1170,DF,1,Mandiri,Bank Mandiri,Y,1770018736253,0,,,,,,Y,2025-02-06 16:37:36,2025-02-06 16:37:36
1171,DF,3,BNI,Bank Negara Indonesia (BNI),Y,1100405723,0,,,,,,Y,2025-02-06 16:37:36,2025-02-06 16:37:36
1172,DF,4,BCA,Bank Central Asia (BCA),Y,0544709999,0,,,,,,Y,2025-02-06 16:37:36,2025-02-06 16:37:36
1173,DF,12,DANA,DANA,Y,EDC,0,,,219.0,1120301016.0,EDC DANA,Y,2025-02-06 16:37:36,2025-02-06 16:37:36
1174,DF,13,LinkAja,LinkAja,Y,EDC,0,,,217.0,1120301014.0,EDC LinkAja,Y,2025-02-06 16:37:36,2025-02-06 16:37:36
1175,DF,14,GO PAY,GO PAY,Y,EDC,0,,,218.0,1120301015.0,EDC GOPAY,Y,2025-02-06 16:37:36,2025-02-06 16:37:36
1176,DF,15,DIGI CASH BJB,DIGI CASH BJB,Y,EDC,0,,,216.0,1120301013.0,EDC DIGI CASH,Y,2025-02-06 16:37:36,2025-02-06 16:37:36
1177,DF,16,OVO,OVO,Y,EDC,0,,,215.0,1120301012.0,EDC OVO,Y,2025-02-06 16:37:36,2025-02-06 16:37:36
1178,DF,19,CIMB NIAGA MZH,Bank CIMB NIAGA,Y,860013012400,0,,,,,,Y,2025-02-06 16:37:36,2025-02-06 16:37:36
1179,DF,20,BJB,Bank BJB ,N,0127947376001,0,,,,,,Y,2025-02-06 16:37:36,2025-02-06 16:37:36
1180,LL,1,Mandiri,Bank Mandiri,N,1450013706755,0,,,,,,Y,2025-02-06 16:37:46,2025-02-06 16:37:46
1181,LL,2,BRI,Bank Rakyat Indonesia (BRI),Y,001701004723306,0,,,,,,Y,2025-02-06 16:37:46,2025-02-06 16:37:46
1182,LL,2,BRI,Bank Rakyat Indonesia (BRI),Y,115601001358309,0,,,,,,Y,2025-02-06 16:37:46,2025-02-06 16:37:46
1183,LL,3,BNI,Bank Negara Indonesia (BNI),N,1174606902,0,,,,,,Y,2025-02-06 16:37:46,2025-02-06 16:37:46
1184,LL,4,BCA,Bank Central Asia (BCA),N,2588866641,0,,,,,,Y,2025-02-06 16:37:46,2025-02-06 16:37:46
1185,LL,4,BCA,Bank Central Asia (BCA),N,2582124338,0,,,,,,Y,2025-02-06 16:37:46,2025-02-06 16:37:46
1186,LL,12,DANA,DANA,Y,EDC,0,,,219.0,1120301016.0,EDC DANA,Y,2025-02-06 16:37:46,2025-02-06 16:37:46
1187,LL,13,LinkAja,LinkAja,Y,EDC,0,,,217.0,1120301014.0,EDC LinkAja,Y,2025-02-06 16:37:46,2025-02-06 16:37:46
1188,LL,14,GO PAY,GO PAY,Y,EDC,0,,,218.0,1120301015.0,EDC GOPAY,Y,2025-02-06 16:37:46,2025-02-06 16:37:46
1189,LL,15,DIGI CASH BJB,DIGI CASH BJB,Y,EDC,0,,,216.0,1120301013.0,EDC DIGI CASH,Y,2025-02-06 16:37:46,2025-02-06 16:37:46
1190,LL,16,OVO,OVO,Y,EDC,0,,,215.0,1120301012.0,EDC OVO,Y,2025-02-06 16:37:46,2025-02-06 16:37:46
1191,LL,18,DUITKU,DUITKU.COM,Y,1450013706755,0,,,,,,Y,2025-02-06 16:37:46,2025-02-06 16:37:46
